Company,Category,Source_Type,Description,Best_For,Flagship_Report_or_Resource,Content_Format,Website_URL,Report_or_Research_URL,Blog_or_Insights_URL,Priority,Access_Model,Notes,Last_Verified
RevenueCat,Subscription & Web2App,Subscription infrastructure / benchmarks,"Aggregated subscription-app benchmarks covering conversion, retention, pricing, trials, revenue and category performance.",Subscription apps; paywalls; pricing; LTV; retention,State of Subscription Apps,Annual report,https://www.revenuecat.com/,https://www.revenuecat.com/state-of-subscription-apps-2025/,https://www.revenuecat.com/blog/,High,Freemium / gated report,Official report series; use latest edition available on the report hub.,2026-07-20
Adapty,Subscription & Web2App,Paywall management / benchmarks,"Paywall experimentation platform publishing benchmarks on plans, pricing, conversion, LTV and subscription revenue.",Mobile subscriptions; paywall tests; monetization,State of In-App Subscriptions,Annual report,https://adapty.io/,https://adapty.io/state-of-in-app-subscriptions/,https://adapty.io/blog/,High,Free report / commercial platform,Report hub also contains pricing and category benchmarks.,2026-07-20
FunnelFox,Subscription & Web2App,Web-to-app funnel platform / benchmarks,"Web2App funnel platform publishing research on quiz funnels, payments, pricing, LTV and post-click conversion.",Web2App; quiz funnels; payments; CRO,State of Web2App,Annual report + guides,https://funnelfox.com/,https://funnelfox.com/state-of-web2app-2026,https://blog.funnelfox.com/,High,Free report / commercial platform,Especially relevant for subscription web funnels.,2026-07-20
Qonversion,Subscription & Web2App,Subscription management / analytics,"Subscription infrastructure with practical research on paywalls, pricing, retention and store monetization.",Subscription apps; revenue analytics; paywalls,Resources and benchmarks,Blog / guides,https://qonversion.io/,https://qonversion.io/blog/,https://qonversion.io/blog/,Medium,Freemium / commercial,Good tactical content; validate individual benchmark methodology.,2026-07-20
Superwall,Subscription & Web2App,Paywall experimentation,No-code paywall and experimentation platform publishing paywall teardown and conversion content.,Paywalls; onboarding; A/B testing,Paywall resources,Blog / podcast,https://superwall.com/,https://superwall.com/blog,https://superwall.com/blog,Medium,Commercial platform,Useful for paywall patterns and operator interviews.,2026-07-20
Purchasely,Subscription & Web2App,In-app subscription platform,"Subscription and paywall platform with reports, guides and category-focused monetization material.",Mobile subscriptions; paywalls; retention,Resources,Blog / reports,https://www.purchasely.com/,https://www.purchasely.com/resources,https://www.purchasely.com/blog,Medium,Commercial platform,Use for implementation and growth tactics.,2026-07-20
Paddle,Subscription & Web2App,Merchant of record / SaaS payments,"Payments and billing provider publishing SaaS pricing, retention, growth and subscription-market research.",SaaS; billing; pricing; churn,SaaS reports and resources,Reports / blog,https://www.paddle.com/,https://www.paddle.com/resources,https://www.paddle.com/blog,High,Free content / commercial,Includes ProfitWell benchmark heritage.,2026-07-20
ChartMogul,Subscription & Web2App,Subscription analytics,"Subscription analytics company publishing SaaS growth, churn, retention and revenue benchmarks.",B2B SaaS; MRR; retention; churn,SaaS Growth Report,Reports / blog,https://chartmogul.com/,https://chartmogul.com/reports/,https://chartmogul.com/blog/,High,Free reports / commercial,Strong benchmark source for recurring revenue businesses.,2026-07-20
Recurly,Subscription & Web2App,Subscription billing,"Billing platform publishing consumer subscription trends, churn and payments research.",Subscription commerce; payments; churn,State of Subscriptions,Reports / blog,https://recurly.com/,https://recurly.com/resources/,https://recurly.com/blog/,Medium,Gated reports / commercial,Useful outside app stores as well.,2026-07-20
Chargebee,Subscription & Web2App,Subscription billing / revenue growth,"Billing platform publishing SaaS monetization, retention, pricing and revenue-operations research.",SaaS; subscription billing; RevOps,Resources and benchmark reports,Reports / blog,https://www.chargebee.com/,https://www.chargebee.com/resources/,https://www.chargebee.com/blog/,Medium,Free and gated content,Broad subscription-business coverage.,2026-07-20
AppsFlyer,Mobile Growth & Attribution,Mobile measurement / attribution,"Mobile attribution company publishing media-source rankings, app-marketing trends, fraud and privacy research.",UA; media mix; attribution; SKAN; mobile fraud,Performance Index,Annual index + reports,https://www.appsflyer.com/,https://www.appsflyer.com/resources/reports/performance-index/,https://www.appsflyer.com/blog/,High,Free gated reports / commercial,One of the core mobile UA benchmark sources.,2026-07-20
Adjust,Mobile Growth & Attribution,Mobile measurement / attribution,"Mobile measurement platform publishing global and vertical app benchmarks for installs, sessions, retention and marketing.",Mobile UA; retention; attribution; CTV,Mobile App Trends,Annual report + vertical reports,https://www.adjust.com/,https://www.adjust.com/resources/ebooks/mobile-app-trends-2026/,https://www.adjust.com/blog/,High,Free gated reports / commercial,Strong regional and category editions.,2026-07-20
Singular,Mobile Growth & Attribution,Marketing analytics / attribution,"Marketing intelligence platform publishing ad-network ROI, scale and growth rankings.",Mobile UA; ad networks; ROI; attribution,ROI Index,Annual index,https://www.singular.net/,https://lp.singular.net/roi-index-2026,https://www.singular.net/blog/,High,Free gated report / commercial,Core source for network-level performance comparisons.,2026-07-20
Branch,Mobile Growth & Attribution,Deep linking / attribution,"Mobile linking and measurement platform publishing mobile growth, engagement and cross-platform research.",Deep links; mobile web; app growth; attribution,Mobile Growth resources,Reports / blog,https://www.branch.io/,https://www.branch.io/resources/,https://www.branch.io/resources/blog/,Medium,Free content / commercial,Useful for web-to-app journeys and deep-linking strategy.,2026-07-20
Airbridge,Mobile Growth & Attribution,Mobile measurement partner,"Attribution platform publishing mobile marketing, privacy and regional growth content.",Attribution; mobile growth; APAC,Resources,Blog / reports,https://www.airbridge.io/,https://www.airbridge.io/resources,https://www.airbridge.io/blog,Medium,Commercial platform,Particularly useful for APAC context.,2026-07-20
Kochava,Mobile Growth & Attribution,Mobile measurement partner,"Attribution and analytics provider with reports on mobile measurement, fraud and identity.",Attribution; fraud; identity; mobile data,Resources,Reports / blog,https://www.kochava.com/,https://www.kochava.com/resources/,https://www.kochava.com/blog/,Medium,Commercial platform,Mix of tactical guides and company research.,2026-07-20
Appsumer,Mobile Growth & Attribution,Marketing intelligence,"Performance marketing intelligence for app teams, with benchmark and media-mix content.",App UA; budget allocation; channel performance,Benchmark resources,Blog / reports,https://www.appsumer.io/,https://www.appsumer.io/resources,https://www.appsumer.io/blog,Medium,Commercial platform,Useful for channel portfolio analysis.,2026-07-20
Liftoff,Mobile Growth & Attribution,Mobile performance advertising,"Mobile ad platform publishing app engagement, acquisition cost and vertical benchmarks.",Mobile ads; CPI; CPA; gaming; finance,Mobile App Trends reports,Reports / blog,https://liftoff.io/,https://liftoff.io/resources/,https://liftoff.io/blog/,High,Free gated reports / commercial,Often based on large campaign datasets.,2026-07-20
Moloco,Mobile Growth & Attribution,Machine-learning ad platform,"Ad-tech company publishing mobile app performance, commerce-media and ML advertising research.",Mobile UA; commerce media; ad-tech,Insights and reports,Reports / blog,https://www.moloco.com/,https://www.moloco.com/resources,https://www.moloco.com/blog,Medium,Commercial platform,Strong operator perspective on ML-driven acquisition.,2026-07-20
Remerge,Mobile Growth & Attribution,App retargeting,"Retargeting platform publishing app-retention, remarketing and privacy research.",Retargeting; app retention; incrementality,Resources,Reports / blog / podcast,https://www.remerge.io/,https://www.remerge.io/resources,https://www.remerge.io/blog,Medium,Commercial platform,Useful for lifecycle acquisition and remarketing.,2026-07-20
Sensor Tower,App Intelligence & ASO,Digital market intelligence,"Market intelligence for mobile, web and advertising with global app-economy reports and category data.",Market sizing; downloads; revenue; audience; ads,State of Mobile,Annual report,https://sensortower.com/,https://sensortower.com/report/state-of-mobile-2026,https://sensortower.com/blog,High,Paid platform / free headline reports,Industry-defining mobile market overview.,2026-07-20
AppMagic,App Intelligence & ASO,Mobile market intelligence,"App and game intelligence platform publishing market reviews, revenue and download analysis.",Apps; games; revenue; downloads; publishers,Market reports and insights,Blog / reports,https://appmagic.rocks/,https://appmagic.rocks/blog,https://appmagic.rocks/blog,High,Freemium / paid,Especially strong for mobile games and publisher analysis.,2026-07-20
Apptica,App Intelligence & ASO,Mobile intelligence / ad intelligence,"App-market and creative intelligence with reports by category, region and ad network.",Apps; games; ad creatives; market trends,Reports,Reports / blog,https://apptica.com/,https://apptica.com/reports,https://apptica.com/blog,Medium,Free reports / paid platform,Good complement for advertising intelligence.,2026-07-20
AppTweak,App Intelligence & ASO,ASO intelligence,"ASO and app-market intelligence platform with benchmark reports on search, conversion and store trends.",ASO; keywords; app-store conversion; CPP,ASO reports,Reports / blog,https://www.apptweak.com/,https://www.apptweak.com/en/aso-resources/reports,https://www.apptweak.com/en/aso-blog,High,Free gated reports / commercial,Strong practical ASO research.,2026-07-20
MobileAction,App Intelligence & ASO,ASO / mobile growth intelligence,"App and ad intelligence covering keywords, creatives, Apple Search Ads and market trends.",ASO; ASA; creatives; competitor analysis,Insights and reports,Blog / reports,https://www.mobileaction.co/,https://www.mobileaction.co/resources/,https://www.mobileaction.co/blog/,Medium,Freemium / paid,Useful for Apple Search Ads and competitor monitoring.,2026-07-20
SplitMetrics,App Intelligence & ASO,App growth / ASO experimentation,"App growth platform publishing ASO, Apple Search Ads and store conversion research.",ASO; ASA; conversion optimization,App Growth Lab resources,Reports / blog,https://splitmetrics.com/,https://splitmetrics.com/resources/,https://splitmetrics.com/blog/,Medium,Commercial platform,Good tactical playbooks and case studies.,2026-07-20
Storemaven,App Intelligence & ASO,App store conversion optimization,App-store experimentation company known for research on store-page behavior and conversion.,App-store CRO; creative testing; user behavior,Resources,Research / blog,https://www.storemaven.com/,https://www.storemaven.com/resources/,https://www.storemaven.com/blog/,Medium,Commercial platform,Historical research remains useful; check recency.,2026-07-20
App Radar,App Intelligence & ASO,ASO platform,"ASO platform with guides, market updates and app-store optimization resources.",ASO; app visibility; keywords,Academy and resources,Blog / guides,https://appradar.com/,https://appradar.com/academy,https://appradar.com/blog,Medium,Freemium / commercial,Accessible tactical ASO content.,2026-07-20
Appfigures,App Intelligence & ASO,App intelligence / analytics,"App intelligence provider publishing weekly market analysis, rankings and revenue/download insights.",Apps; market trends; rankings; revenue estimates,Insights,Blog / newsletter,https://appfigures.com/,https://appfigures.com/resources/insights,https://appfigures.com/resources,High,Freemium / paid,Good frequent commentary on app-market movements.,2026-07-20
42matters,App Intelligence & ASO,App metadata / market data,App and publisher database with APIs and market datasets.,App metadata; SDKs; publisher research,Insights and data APIs,Blog / datasets,https://42matters.com/,https://42matters.com/blog,https://42matters.com/blog,Medium,Paid API / free content,Useful for custom market scans and tech-stack analysis.,2026-07-20
Meta Ads Library,Advertising & Creative Intelligence,Public ad transparency database,Searchable library of active and issue ads running across Meta platforms.,Competitor ads; messaging; creative patterns,Ads Library,Live database,https://www.facebook.com/ads/library/,https://www.facebook.com/ads/library/,https://www.facebook.com/business/news,High,Free,Primary-source creative monitoring; no performance data.,2026-07-20
TikTok Creative Center,Advertising & Creative Intelligence,Creative and trend intelligence,"Official TikTok hub for top ads, trending songs, hashtags, creators and keyword insights.",TikTok ads; trends; hooks; creators,Creative Center,Live database / insights,https://ads.tiktok.com/business/creativecenter/,https://ads.tiktok.com/business/creativecenter/inspiration/topads/,https://www.tiktok.com/business/en/blog,High,Free,Excellent for creative pattern research.,2026-07-20
Google Ads Transparency Center,Advertising & Creative Intelligence,Public ad transparency database,Searchable archive of ads served by verified advertisers across Google properties.,Competitor ads; brand campaigns; creatives,Ads Transparency Center,Live database,https://adstransparency.google.com/,https://adstransparency.google.com/,https://blog.google/products/ads-commerce/,High,Free,Primary source; limited performance context.,2026-07-20
Pinterest Trends,Advertising & Creative Intelligence,Search and shopping trends,Official trend tool showing search interest and seasonality on Pinterest.,Consumer intent; fashion; home; lifestyle; seasonality,Pinterest Trends,Live trend tool,https://trends.pinterest.com/,https://trends.pinterest.com/,https://business.pinterest.com/blog/,High,Free,Particularly strong for visual consumer categories.,2026-07-20
Snap for Business,Advertising & Creative Intelligence,Platform research / ad insights,"Snap advertising resource hub with audience, AR and campaign research.",Gen Z; AR; mobile ads; consumer behavior,Insights and resources,Reports / blog,https://forbusiness.snapchat.com/,https://forbusiness.snapchat.com/resources,https://forbusiness.snapchat.com/blog,Medium,Free content,Useful for youth and AR behavior research.,2026-07-20
Reddit for Business,Advertising & Creative Intelligence,Community and advertising insights,"Official resources on community behavior, conversation trends and advertising.",Consumer conversations; communities; ads,Insights,Reports / blog,https://www.business.reddit.com/,https://www.business.reddit.com/marketing/insights,https://www.business.reddit.com/blog,Medium,Free content,Pair with direct subreddit research.,2026-07-20
LinkedIn B2B Institute,Advertising & Creative Intelligence,B2B marketing research,"LinkedIn think tank publishing research on brand building, demand and B2B effectiveness.",B2B marketing; brand; category entry points,B2B Institute research,Research / articles,https://business.linkedin.com/marketing-solutions/b2b-institute,https://business.linkedin.com/marketing-solutions/b2b-institute,https://www.linkedin.com/business/marketing/blog,High,Free,Strong evidence-based B2B marketing source.,2026-07-20
WARC,Advertising & Creative Intelligence,Advertising research database,"Research, case studies and effectiveness benchmarks across global advertising.",Media strategy; creative effectiveness; brand,WARC reports,Research database / articles,https://www.warc.com/,https://www.warc.com/content/feed,https://www.warc.com/content/feed,High,Paid / limited free,Premium source for advertising effectiveness.,2026-07-20
Minea,Advertising & Creative Intelligence,E-commerce ad intelligence,Competitive advertising database focused on e-commerce products and creatives.,E-commerce; dropshipping; product ads,Ad spy database,Database / blog,https://www.minea.com/,https://www.minea.com/,https://www.minea.com/blog,Low,Paid / trial,Useful for ideation; data quality should be cross-checked.,2026-07-20
BigSpy,Advertising & Creative Intelligence,Multi-platform ad intelligence,Ad creative search across major social platforms.,Competitor ads; creative research,Ad database,Database / blog,https://bigspy.com/,https://bigspy.com/,https://bigspy.com/blog,Low,Freemium / paid,Broad coverage; verify freshness and completeness.,2026-07-20
Similarweb,Web & Competitive Intelligence,Digital traffic intelligence,"Estimates website and app traffic, channels, audiences and industry benchmarks.",Market sizing; competitors; channels; websites,Digital reports and rankings,Research / blog,https://www.similarweb.com/,https://www.similarweb.com/corp/reports/,https://www.similarweb.com/blog/,High,Freemium / paid,"Best used directionally, not as exact analytics.",2026-07-20
Semrush,Web & Competitive Intelligence,SEO / competitive intelligence,"SEO, content and advertising intelligence with annual trend studies and industry reports.",SEO; search demand; competitors; digital ads,Research studies,Reports / blog,https://www.semrush.com/,https://www.semrush.com/trending-websites/,https://www.semrush.com/blog/,High,Freemium / paid,Large dataset and frequent content.,2026-07-20
Ahrefs,Web & Competitive Intelligence,SEO intelligence,Backlink and search-demand platform publishing large-scale SEO studies and data research.,SEO; content; backlinks; keyword demand,Ahrefs studies,Blog / data studies,https://ahrefs.com/,https://ahrefs.com/blog/category/data-studies/,https://ahrefs.com/blog/,High,Paid / free studies,Strong methodology transparency on many studies.,2026-07-20
SparkToro,Web & Competitive Intelligence,Audience research,"Audience research tool showing websites, podcasts, social accounts and sources followed by an audience.",Audience discovery; channels; influencers; media,Audience research resources,Blog / research,https://sparktoro.com/,https://sparktoro.com/blog/category/research/,https://sparktoro.com/blog/,High,Freemium / paid,Useful for distribution and audience-map research.,2026-07-20
BuiltWith,Web & Competitive Intelligence,Technology profiling,Identifies technologies used by websites and provides adoption and market-share data.,Tech stacks; ecommerce platforms; lead lists,Technology trends,Live database / trends,https://builtwith.com/,https://trends.builtwith.com/,https://blog.builtwith.com/,Medium,Freemium / paid,Useful for infrastructure and vendor-market analysis.,2026-07-20
Wappalyzer,Web & Competitive Intelligence,Technology profiling,Detects website technologies and provides company and technology datasets.,Tech stacks; prospecting; adoption,Technology lookup,Database / blog,https://www.wappalyzer.com/,https://www.wappalyzer.com/technologies/,https://www.wappalyzer.com/blog/,Medium,Freemium / paid,Good lightweight complement to BuiltWith.,2026-07-20
Cloudflare Radar,Web & Competitive Intelligence,Internet traffic intelligence,"Public internet trends on traffic, outages, protocols, bots, security and technology adoption.",Internet infrastructure; regions; outages; bots,Cloudflare Radar,Live dashboards / reports,https://radar.cloudflare.com/,https://radar.cloudflare.com/reports,https://blog.cloudflare.com/,High,Free,Primary-source network-level data.,2026-07-20
Statcounter GlobalStats,Web & Competitive Intelligence,Web technology market share,"Public browser, OS, search engine and device market-share statistics.",Browsers; OS; devices; search engines,GlobalStats,Live database,https://gs.statcounter.com/,https://gs.statcounter.com/,https://statcounter.com/insights,High,Free,Good for directional technology adoption trends.,2026-07-20
Google Trends,Trends & Market Research,Search interest trends,"Official Google tool for relative search interest, seasonality and geography.",Demand signals; seasonality; brand comparison,Google Trends,Live trend tool,https://trends.google.com/,https://trends.google.com/trends/,https://blog.google/products/search/,High,Free,"Relative index, not absolute search volume.",2026-07-20
Exploding Topics,Trends & Market Research,Emerging trend discovery,"Curated and algorithmic discovery of fast-growing topics, products and companies.",Emerging markets; product ideas; early signals,Trend database and reports,Database / newsletter,https://explodingtopics.com/,https://explodingtopics.com/blog,https://explodingtopics.com/blog,High,Freemium / paid,Useful starting point; validate with primary data.,2026-07-20
Glimpse,Trends & Market Research,Search trend analytics,Enhanced trend analysis built around Google Trends with discovery and forecasting features.,Search demand; emerging trends; consumer interest,Trend reports,Tool / newsletter,https://meetglimpse.com/,https://meetglimpse.com/trends/,https://meetglimpse.com/blog/,Medium,Freemium / paid,Good for surfacing less obvious search trends.,2026-07-20
Trend Hunter,Trends & Market Research,Consumer trend platform,"Large trend library and custom research covering consumer, technology and culture.",Consumer innovation; ideation; foresight,Trend reports,Database / reports,https://www.trendhunter.com/,https://www.trendhunter.com/trendreports,https://www.trendhunter.com/slideshow,Medium,Freemium / paid,Broad inspiration; distinguish signals from forecasts.,2026-07-20
Springwise,Trends & Market Research,Innovation intelligence,Curated global innovations and business models organized by sector and sustainability themes.,Business-model inspiration; innovation scouting,Innovation library,Articles / reports,https://www.springwise.com/,https://www.springwise.com/innovation-reports/,https://www.springwise.com/innovations/,Medium,Free / paid,Useful for scanning real-world launches.,2026-07-20
Trends.vc,Trends & Market Research,Business trend research,Research reports on emerging business trends and market opportunities.,Startup ideas; market maps; business models,Trend reports,Newsletter / reports,https://trends.vc/,https://trends.vc/archives/,https://trends.vc/archives/,Medium,Paid / selected free,Founder-oriented opportunity framing.,2026-07-20
CB Insights,Trends & Market Research,Technology market intelligence,"Technology-market maps, company data, investment trends and industry research.",Emerging tech; competitors; funding; market maps,Research briefs and State of reports,Research / newsletter,https://www.cbinsights.com/,https://www.cbinsights.com/research/,https://www.cbinsights.com/research/,High,Paid / selected free,Strong for tech and venture landscapes.,2026-07-20
Statista,Trends & Market Research,Statistics and market data,"Aggregated market statistics, forecasts and industry dossiers from multiple sources.",Market sizing; statistics; forecasts,Market Insights and dossiers,Database / reports,https://www.statista.com/,https://www.statista.com/outlook/,https://www.statista.com/topics/,High,Paid / limited free,Trace figures back to original sources when possible.,2026-07-20
Euromonitor International,Trends & Market Research,Consumer market research,Global market research and country/category analysis for consumer industries.,Consumer markets; category sizing; countries,Passport research,Database / insights,https://www.euromonitor.com/,https://www.euromonitor.com/insights,https://www.euromonitor.com/article,High,Paid / free insights,Strong for consumer and country-level analysis.,2026-07-20
Mintel,Trends & Market Research,Consumer and product research,"Consumer research, product launches, category reports and trend forecasting.",FMCG; beauty; food; consumer behavior,Mintel reports,Paid research / insights,https://www.mintel.com/,https://www.mintel.com/insights/,https://www.mintel.com/insights/,High,Paid / free insights,Excellent for consumer categories.,2026-07-20
Ipsos,Trends & Market Research,Survey and public-opinion research,"Global research company publishing consumer, brand, society and public-opinion studies.",Consumer attitudes; brand; society; surveys,Ipsos reports,Reports / articles,https://www.ipsos.com/,https://www.ipsos.com/en/global-insights,https://www.ipsos.com/en,High,Free reports / commercial,Check sample and geography for each study.,2026-07-20
GWI,Trends & Market Research,Digital consumer research,"Survey-based audience data covering media, devices, brands and online behavior.",Audience profiles; digital behavior; generations,Consumer trends reports,Reports / blog,https://www.gwi.com/,https://www.gwi.com/reports,https://www.gwi.com/blog,High,Gated reports / paid,Strong for audience segmentation and media planning.,2026-07-20
YouGov,Trends & Market Research,Consumer opinion data,Ongoing survey panels and brand-tracking data across markets.,Brand health; consumer opinions; politics; culture,Profiles and reports,Data / articles,https://yougov.com/,https://yougov.com/reports,https://yougov.com/articles,High,Freemium / paid,Frequent timely polling and brand data.,2026-07-20
NielsenIQ,Trends & Market Research,Retail and consumer intelligence,Retail measurement and consumer insights for FMCG and commerce.,Retail sales; FMCG; pricing; consumer behavior,Insights and reports,Reports / articles,https://nielseniq.com/,https://nielseniq.com/global/en/insights/,https://nielseniq.com/global/en/insights/,High,Paid / free insights,Core source for retail and packaged goods.,2026-07-20
Circana,Trends & Market Research,Consumer and retail measurement,"Point-of-sale and consumer data across retail, foodservice, games and other industries.",Retail; consumer products; games; foodservice,Industry insights,Reports / articles,https://www.circana.com/,https://www.circana.com/insights/,https://www.circana.com/insights/,High,Paid / free insights,Formerly IRI and NPD; valuable category data.,2026-07-20
Crunchbase,Startup & Venture Intelligence,Company and funding database,"Database of startups, investors, funding rounds, acquisitions and company signals.",Competitors; funding; investors; market maps,Crunchbase News and data,Database / news,https://www.crunchbase.com/,https://news.crunchbase.com/,https://news.crunchbase.com/,High,Freemium / paid,Good broad discovery; verify deal details with primary announcements.,2026-07-20
PitchBook,Startup & Venture Intelligence,Private-market data,"Private capital, company, deal, investor and fund data with market reports.",VC; PE; M&A; valuations; investors,PitchBook research,Reports / database,https://pitchbook.com/,https://pitchbook.com/news/reports,https://pitchbook.com/news,High,Paid / gated reports,Premium private-market source.,2026-07-20
Dealroom,Startup & Venture Intelligence,Startup ecosystem intelligence,"Startup, funding and ecosystem data with city, country and sector reports.",Startups; ecosystems; funding; deep tech,Ecosystem reports,Database / reports,https://dealroom.co/,https://dealroom.co/reports,https://dealroom.co/blog,High,Freemium / paid,Strong European and ecosystem coverage.,2026-07-20
Tracxn,Startup & Venture Intelligence,Startup and private-company intelligence,Company and sector tracking with market maps and funding data.,Startup discovery; sectors; funding,Sector reports,Database / reports,https://tracxn.com/,https://tracxn.com/d/sectors,https://tracxn.com/blog,Medium,Paid / selected free,Useful for long-tail company discovery.,2026-07-20
Carta,Startup & Venture Intelligence,Equity and private-market data,"Equity-management platform publishing startup fundraising, valuation, compensation and ownership data.",Startup finance; valuations; compensation; cap tables,Carta Data Desk,Data reports / blog,https://carta.com/,https://carta.com/data/,https://carta.com/blog/,High,Free reports / commercial,Based on private-company platform data.,2026-07-20
AngelList,Startup & Venture Intelligence,Startup investment platform,"Platform and editorial source for startup funding, fund operations and venture trends.",VC; startups; syndicates; talent,Data and editorial,Blog / reports,https://www.angellist.com/,https://www.angellist.com/blog,https://www.angellist.com/blog,Medium,Platform / free content,Useful as a venture-ecosystem signal.,2026-07-20
Y Combinator,Startup & Venture Intelligence,Accelerator / startup directory,"Startup directory, founder essays and launch signals from a major accelerator.",Startup ideas; founders; company discovery,YC Companies and Library,Directory / essays,https://www.ycombinator.com/,https://www.ycombinator.com/companies,https://www.ycombinator.com/library,High,Free,Excellent for discovering new products and founder playbooks.,2026-07-20
Product Hunt,Startup & Venture Intelligence,Product launch community,"Daily product launches, maker commentary and category rankings.",New products; competitors; product trends,Product launches,Live community / newsletter,https://www.producthunt.com/,https://www.producthunt.com/,https://www.producthunt.com/stories,High,Free,"Launch popularity is a signal, not proof of sustained demand.",2026-07-20
Indie Hackers,Startup & Venture Intelligence,Founder community,"Founder discussions, revenue stories and product-building case studies.",Bootstrapping; SaaS; product ideas; distribution,Community and interviews,Community / articles,https://www.indiehackers.com/,https://www.indiehackers.com/,https://www.indiehackers.com/,Medium,Free,Rich qualitative insight; self-reported numbers need caution.,2026-07-20
Andreessen Horowitz (a16z),VC & Strategy Research,Venture research / essays,"VC firm publishing market maps, technology theses and operating guides across AI, fintech, consumer and enterprise.",Emerging tech; AI; startups; market structure,a16z research,Essays / podcasts / reports,https://a16z.com/,https://a16z.com/articles/,https://a16z.com/articles/,High,Free,Influential but investment-thesis driven.,2026-07-20
Sequoia Capital,VC & Strategy Research,Venture essays / company building,"Essays and guides on markets, company building and technology shifts.",Startup strategy; AI; company building,Articles,Essays / guides,https://www.sequoiacap.com/,https://www.sequoiacap.com/articles/,https://www.sequoiacap.com/articles/,High,Free,Strong strategic framing; not neutral market research.,2026-07-20
Bessemer Venture Partners,VC & Strategy Research,Cloud and venture research,"Known for cloud benchmarks, market maps and annual State of the Cloud research.",Cloud; SaaS; AI; benchmarks,State of the Cloud,Annual report / essays,https://www.bvp.com/,https://www.bvp.com/atlas,https://www.bvp.com/atlas,High,Free,Core source for cloud and SaaS trends.,2026-07-20
NFX,VC & Strategy Research,Marketplace and network-effect research,"Venture firm publishing frameworks on marketplaces, network effects and growth.",Marketplaces; network effects; startups,Essays and market maps,Articles / podcast,https://www.nfx.com/,https://www.nfx.com/post,https://www.nfx.com/post,Medium,Free,Strong for marketplace business models.,2026-07-20
First Round Review,VC & Strategy Research,Operator knowledge publication,Long-form tactical interviews with startup operators and founders.,Management; product; growth; hiring,First Round Review,Editorial,https://review.firstround.com/,https://review.firstround.com/,https://review.firstround.com/,High,Free,High-quality qualitative operator insight.,2026-07-20
Battery Ventures,VC & Strategy Research,Enterprise software research,"VC research on cloud software, pricing, sales and public-market benchmarks.",SaaS; cloud; enterprise; valuation,State of the OpenCloud,Reports / essays,https://www.battery.com/,https://www.battery.com/blog/,https://www.battery.com/blog/,Medium,Free,Useful cloud and enterprise benchmarks.,2026-07-20
OpenView,VC & Strategy Research,Product-led growth research archive,Venture firm archive known for SaaS benchmarks and product-led growth research.,SaaS; PLG; pricing; benchmarks,SaaS Benchmarks,Archive / reports,https://openviewpartners.com/,https://openviewpartners.com/blog/,https://openviewpartners.com/blog/,Medium,Archive / free,Check publication dates; valuable historical benchmark library.,2026-07-20
Lenny's Newsletter,VC & Strategy Research,Product and growth publication,"Operator interviews, benchmarks and tactical content on product, growth and leadership.",Product; growth; marketplaces; AI,Benchmark surveys and guides,Newsletter / podcast,https://www.lennysnewsletter.com/,https://www.lennysnewsletter.com/,https://www.lennysnewsletter.com/,High,Freemium / paid,Strong practitioner network and survey-based benchmarks.,2026-07-20
Reforge,VC & Strategy Research,Growth and product education,"Research-backed essays and frameworks on growth loops, retention, product strategy and AI.",Growth; retention; product strategy,Artifacts and essays,Research / courses,https://www.reforge.com/,https://www.reforge.com/blog,https://www.reforge.com/blog,High,Paid courses / free articles,Deep operator frameworks rather than broad market sizing.,2026-07-20
Amplitude,Product & Customer Intelligence,Product analytics,"Product analytics company publishing digital-product benchmarks, retention studies and strategy content.",Product analytics; activation; retention; AI products,Product benchmarks,Reports / blog,https://amplitude.com/,https://amplitude.com/resources,https://amplitude.com/blog,High,Free reports / commercial,Often based on aggregated product usage.,2026-07-20
Mixpanel,Product & Customer Intelligence,Product analytics,Product analytics platform publishing benchmark reports and practical analysis guides.,Funnels; retention; engagement; product metrics,Benchmark reports,Reports / blog,https://mixpanel.com/,https://mixpanel.com/content/,https://mixpanel.com/blog/,High,Free reports / commercial,Useful cross-industry product benchmarks.,2026-07-20
Pendo,Product & Customer Intelligence,Product experience,Product-experience platform publishing product-management benchmarks and adoption research.,SaaS product; adoption; NPS; product ops,State of Product Leadership,Reports / blog,https://www.pendo.io/,https://www.pendo.io/resources/,https://www.pendo.io/pendo-blog/,Medium,Free gated reports / commercial,Strong product-management audience data.,2026-07-20
FullStory,Product & Customer Intelligence,Digital experience analytics,Behavior analytics company publishing research on digital friction and user experience.,UX; conversion; frustration signals,Digital experience research,Reports / blog,https://www.fullstory.com/,https://www.fullstory.com/resources/,https://www.fullstory.com/blog/,Medium,Commercial platform,Useful for qualitative/behavioral UX insight.,2026-07-20
Hotjar,Product & Customer Intelligence,Behavior analytics / user feedback,"Heatmaps, recordings and survey platform with UX research and conversion resources.",UX research; CRO; user feedback,Resources,Guides / blog,https://www.hotjar.com/,https://www.hotjar.com/resources/,https://www.hotjar.com/blog/,Medium,Freemium / commercial,Good tactical research guidance; fewer market-wide benchmarks.,2026-07-20
Contentsquare,Product & Customer Intelligence,Digital experience analytics,Enterprise digital analytics provider publishing cross-industry experience benchmarks.,Digital UX; ecommerce; conversion; frustration,Digital Experience Benchmark,Annual benchmark,https://contentsquare.com/,https://contentsquare.com/resources/,https://contentsquare.com/blog/,High,Gated reports / commercial,Large-scale session data and sector comparisons.,2026-07-20
UserTesting,Product & Customer Intelligence,User research platform,Research platform publishing customer-experience reports and qualitative research guidance.,User research; CX; concept testing,Experience research,Reports / blog,https://www.usertesting.com/,https://www.usertesting.com/resources,https://www.usertesting.com/blog,Medium,Commercial platform,Useful for research practice and customer sentiment.,2026-07-20
KeyBanc Capital Markets SaaS Survey,SaaS & B2B Benchmarks,Private SaaS benchmark survey,"Annual benchmark survey covering growth, margins, CAC, retention and sales efficiency in private SaaS.",SaaS metrics; growth; CAC; NRR,Private SaaS Company Survey,Annual report,https://www.key.com/businesses-institutions/industry-expertise/technology.html,https://www.key.com/businesses-institutions/industry-expertise/technology.html,https://www.key.com/kco/images/insights.html,High,Gated report,Search the latest annual SaaS survey on the official site.,2026-07-20
SaaS Capital,SaaS & B2B Benchmarks,SaaS financing / benchmarks,"Publishes private B2B SaaS growth, valuation and spending benchmarks.",B2B SaaS; valuations; growth; spend,SaaS benchmarking reports,Reports / blog,https://www.saas-capital.com/,https://www.saas-capital.com/blog-posts/,https://www.saas-capital.com/blog-posts/,High,Free reports / commercial,Strong private SaaS benchmark series.,2026-07-20
Benchmarkit,SaaS & B2B Benchmarks,SaaS benchmarking,"Annual SaaS performance benchmarks across growth, profitability, retention and go-to-market.",SaaS metrics; GTM; Rule of 40,SaaS Performance Metrics,Annual report,https://www.benchmarkit.ai/,https://www.benchmarkit.ai/benchmarking,https://www.benchmarkit.ai/blog,High,Free gated report / commercial,Formerly RevOps Squared benchmark work.,2026-07-20
OpenView SaaS Benchmarks,SaaS & B2B Benchmarks,SaaS benchmark archive,"Historical SaaS and product-led growth benchmarks covering growth, retention, CAC and pricing.",SaaS; PLG; growth efficiency,SaaS Benchmarks,Reports / archive,https://openviewpartners.com/,https://openviewpartners.com/saas-benchmarks/,https://openviewpartners.com/blog/,Medium,Free archive,Useful historically; check whether the latest edition is maintained.,2026-07-20
Gainsight,SaaS & B2B Benchmarks,Customer success platform,"Customer-success research on retention, NRR, expansion and CS operations.",Customer success; NRR; churn; SaaS,Customer Success Index,Reports / blog,https://www.gainsight.com/,https://www.gainsight.com/resources/,https://www.gainsight.com/blog/,Medium,Free reports / commercial,Good for post-sale and retention benchmarks.,2026-07-20
HubSpot,SaaS & B2B Benchmarks,CRM / marketing platform,"Large library of marketing, sales and consumer trend reports based on surveys and platform data.",Marketing; sales; CRM; content; AI,State of Marketing / State of Sales,Annual reports / blog,https://www.hubspot.com/,https://www.hubspot.com/resources,https://blog.hubspot.com/,High,Free gated reports / commercial,Broad and accessible; inspect methodology per report.,2026-07-20
Salesforce,SaaS & B2B Benchmarks,CRM / enterprise research,"Publishes recurring State of Sales, Marketing, Service and Commerce reports.",Enterprise; sales; marketing; service; commerce,State of reports,Annual reports,https://www.salesforce.com/,https://www.salesforce.com/resources/research-reports/,https://www.salesforce.com/blog/,High,Free gated reports / commercial,Large global survey datasets.,2026-07-20
Intercom,SaaS & B2B Benchmarks,Customer service / AI support,Customer-support and AI service platform publishing support trends and operating guidance.,Customer support; AI agents; SaaS,Customer Service Transformation reports,Reports / blog,https://www.intercom.com/,https://www.intercom.com/resources,https://www.intercom.com/blog,Medium,Free content / commercial,Useful for AI-support adoption trends.,2026-07-20
Zendesk,SaaS & B2B Benchmarks,Customer experience platform,Publishes annual CX Trends research based on surveys and platform observations.,Customer experience; support; AI,CX Trends,Annual report,https://www.zendesk.com/,https://www.zendesk.com/cx-trends/,https://www.zendesk.com/blog/,High,Free gated report / commercial,Strong global customer-experience benchmark.,2026-07-20
G2,SaaS & B2B Benchmarks,Software review marketplace,"User reviews, category grids and software-market trend content.",B2B software; competitors; buyer pain points,Grid Reports,Quarterly reports / reviews,https://www.g2.com/,https://www.g2.com/reports,https://www.g2.com/articles,High,Free / paid data,Excellent qualitative source; beware review-selection bias.,2026-07-20
Capterra,SaaS & B2B Benchmarks,Software review marketplace,"Software-category research, buyer surveys and reviews for SMB tools.",B2B software; SMB buyers; competitors,Research reports,Articles / reviews,https://www.capterra.com/,https://www.capterra.com/resources/,https://www.capterra.com/resources/,High,Free,Useful for identifying complaints and unmet needs.,2026-07-20
Shopify,Ecommerce & Payments,Commerce platform research,"Commerce platform publishing retail, entrepreneurship and consumer-trend resources.",Ecommerce; DTC; retail; social commerce,Commerce trends reports,Reports / blog,https://www.shopify.com/,https://www.shopify.com/research,https://www.shopify.com/blog,High,Free content / commercial,Broad merchant perspective and practical data.,2026-07-20
Klaviyo,Ecommerce & Payments,CRM / ecommerce marketing,"Ecommerce marketing platform publishing consumer surveys, holiday benchmarks and channel performance.",Ecommerce; email; SMS; consumer behavior,Benchmark reports,Reports / blog,https://www.klaviyo.com/,https://www.klaviyo.com/resources,https://www.klaviyo.com/blog,High,Free gated reports / commercial,Strong first-party commerce and messaging data.,2026-07-20
Triple Whale,Ecommerce & Payments,Ecommerce analytics,"DTC analytics platform publishing ecommerce benchmarks on ROAS, CAC, conversion and channels.",DTC; paid media; ROAS; CAC,Ecommerce benchmark reports,Reports / blog,https://www.triplewhale.com/,https://www.triplewhale.com/resources,https://www.triplewhale.com/blog,High,Free reports / commercial,Relevant for performance-commerce operators.,2026-07-20
Stripe,Ecommerce & Payments,Payments / internet economy research,"Payments company publishing internet economy, startup and payment-method research.",Payments; startups; online economy; conversion,Stripe reports and guides,Reports / newsroom,https://stripe.com/,https://stripe.com/reports,https://stripe.com/blog,High,Free,Primary-source payment network insights.,2026-07-20
Adyen,Ecommerce & Payments,Enterprise payments,Global payments platform publishing annual retail and hospitality research.,Retail; payments; omnichannel; hospitality,Retail Report,Annual reports,https://www.adyen.com/,https://www.adyen.com/knowledge-hub/reports,https://www.adyen.com/knowledge-hub,High,Free gated reports / commercial,Good cross-market merchant and shopper surveys.,2026-07-20
Worldpay,Ecommerce & Payments,Global payments intelligence,Publishes payment-method and ecommerce trend research across countries.,Payments; wallets; ecommerce; countries,Global Payments Report,Annual report,https://worldpay.com/,https://worldpay.com/global-payments-report,https://worldpay.com/insights,High,Free gated report / commercial,Core source for payment-method market shares.,2026-07-20
PYMNTS Intelligence,Ecommerce & Payments,Payments and commerce research,"Frequent survey-based reports on payments, banking, commerce and digital behavior.",Payments; fintech; commerce; consumers,Intelligence reports,Reports / news,https://www.pymnts.com/,https://www.pymnts.com/study/,https://www.pymnts.com/news/,Medium,Free / sponsored research,High volume; evaluate sponsor influence and methodology.,2026-07-20
McKinsey Global Institute,Consulting & Macro Research,Economic and management research,"Long-form research on industries, productivity, technology, consumer behavior and the global economy.",Strategy; industries; AI; productivity,MGI research,Reports / articles,https://www.mckinsey.com/mgi/overview,https://www.mckinsey.com/mgi/our-research,https://www.mckinsey.com/featured-insights,High,Free,Authoritative synthesis; often survey and model based.,2026-07-20
BCG Henderson Institute,Consulting & Macro Research,Strategy research,"BCG think tank publishing research on strategy, technology and business transformation.",Strategy; innovation; AI; organizations,Research publications,Articles / reports,https://www.bcg.com/bcg-henderson-institute,https://www.bcg.com/bcg-henderson-institute/publications,https://www.bcg.com/publications,High,Free,Strong conceptual and executive research.,2026-07-20
Bain & Company Insights,Consulting & Macro Research,Management consulting research,"Industry studies and management research across consumer, technology, finance and operations.",Strategy; consumer; pricing; industries,Insights,Reports / articles,https://www.bain.com/,https://www.bain.com/insights/,https://www.bain.com/insights/,High,Free,Useful sector and management research.,2026-07-20
Deloitte Insights,Consulting & Macro Research,Industry and technology research,"Global research on industries, technology, work, consumers and regulation.",Industries; tech; human capital; consumer,Deloitte Insights reports,Reports / articles,https://www.deloitte.com/,https://www.deloitte.com/global/en/insights.html,https://www.deloitte.com/global/en/insights.html,High,Free,Broad global coverage with many annual outlooks.,2026-07-20
PwC Global Insights,Consulting & Macro Research,Executive surveys / industry research,"Publishes CEO, consumer, workforce and industry surveys and outlooks.",Executive sentiment; industries; consumers,Global CEO Survey,Annual surveys / reports,https://www.pwc.com/,https://www.pwc.com/gx/en/issues.html,https://www.pwc.com/gx/en/research-insights.html,High,Free,Large executive survey series.,2026-07-20
KPMG Insights,Consulting & Macro Research,Industry and executive research,"Industry outlooks and surveys across technology, finance, consumer and operations.",Industries; regulation; executive sentiment,Insights and outlooks,Reports / articles,https://kpmg.com/,https://kpmg.com/xx/en/our-insights.html,https://kpmg.com/xx/en/our-insights.html,High,Free,Check geography and local editions.,2026-07-20
Gartner,Consulting & Macro Research,Technology and management research,"Research and frameworks on enterprise technology markets, vendors and adoption.",Enterprise tech; CIO; software markets,Magic Quadrant / Hype Cycle,Paid research / articles,https://www.gartner.com/,https://www.gartner.com/en/research,https://www.gartner.com/en/articles,High,Paid / selected free,Influential enterprise source; methodology is proprietary.,2026-07-20
Forrester,Consulting & Macro Research,Technology and customer research,"Research on technology vendors, customer experience, marketing and digital strategy.",Enterprise tech; CX; marketing; vendors,Wave reports,Paid research / blogs,https://www.forrester.com/,https://www.forrester.com/research/,https://www.forrester.com/blogs/,High,Paid / selected free,Strong buyer and enterprise perspective.,2026-07-20
eMarketer / Insider Intelligence,Consulting & Macro Research,Digital market forecasts,"Forecasts and analysis for advertising, media, commerce and digital behavior.",Ad spend; ecommerce; media; platforms,Forecasts and reports,Paid research / articles,https://www.emarketer.com/,https://www.emarketer.com/topics,https://www.emarketer.com/content,High,Paid / selected free,Frequently cited digital-market forecasts.,2026-07-20
DataReportal,Consulting & Macro Research,Global digital behavior reports,"Free country and global reports on internet, social media and device adoption.",Countries; social media; internet; devices,Digital Global Overview,Annual / country reports,https://datareportal.com/,https://datareportal.com/reports,https://datareportal.com/,High,Free,Combines multiple sources; inspect original data notes.,2026-07-20
World Bank Data,Consulting & Macro Research,Macroeconomic and development data,"Official global datasets on economies, population, infrastructure and development.",Country analysis; macro; demographics,World Development Indicators,Open data,https://data.worldbank.org/,https://data.worldbank.org/,https://blogs.worldbank.org/,High,Free,Primary official source for many macro indicators.,2026-07-20
OECD Data,Consulting & Macro Research,Economic and policy data,"Official cross-country economic, labor, technology and policy statistics.",Macro; labor; productivity; countries,OECD Data Explorer,Open data / reports,https://www.oecd.org/,https://data-explorer.oecd.org/,https://www.oecd.org/en/publications.html,High,Free,Strong comparable data for member and partner countries.,2026-07-20
Stanford AI Index,AI & Technology Research,Independent AI benchmark report,"Annual report tracking AI research, investment, performance, policy, education and public opinion.",AI market; investment; models; policy,AI Index Report,Annual report,https://aiindex.stanford.edu/,https://aiindex.stanford.edu/report/,https://aiindex.stanford.edu/news/,High,Free,One of the most comprehensive AI landscape reports.,2026-07-20
State of AI Report,AI & Technology Research,Independent AI industry report,"Annual synthesis of AI research, industry, politics and safety by Air Street Capital.",AI research; startups; policy; capabilities,State of AI Report,Annual report,https://www.stateof.ai/,https://www.stateof.ai/,https://www.stateof.ai/,High,Free,"Dense, influential annual overview.",2026-07-20
Menlo Ventures,AI & Technology Research,Enterprise AI research,VC firm publishing surveys and market maps on enterprise generative-AI adoption and spending.,Enterprise AI; spend; vendors; adoption,State of Generative AI in the Enterprise,Annual research,https://menlovc.com/,https://menlovc.com/perspective/,https://menlovc.com/perspective/,High,Free,Strong enterprise buyer survey signal.,2026-07-20
Hugging Face,AI & Technology Research,Open-source AI ecosystem,"Model, dataset and application hub providing direct signals on open-source AI adoption.",AI models; datasets; open source; developers,Trending models and papers,Live hub / blog,https://huggingface.co/,https://huggingface.co/models?sort=trending,https://huggingface.co/blog,High,Freemium,Usage/download signals are valuable but ecosystem-specific.,2026-07-20
GitHub Octoverse,AI & Technology Research,Developer ecosystem research,"Annual GitHub report on programming languages, open source, AI and developer activity.",Developer trends; languages; AI; open source,Octoverse,Annual report,https://github.com/,https://octoverse.github.com/,https://github.blog/,High,Free,Primary platform data for developer activity.,2026-07-20
Stack Overflow Developer Survey,AI & Technology Research,Developer survey,"Large annual survey covering languages, tools, work, AI usage and developer preferences.",Developers; tools; languages; AI adoption,Developer Survey,Annual survey,https://stackoverflow.com/,https://survey.stackoverflow.co/,https://stackoverflow.blog/,High,Free,Self-selected sample; still a major developer signal.,2026-07-20
JetBrains Developer Ecosystem,AI & Technology Research,Developer survey,"Annual global survey of languages, tools, employment and developer behavior.",Developers; languages; tools; work,State of Developer Ecosystem,Annual survey,https://www.jetbrains.com/,https://www.jetbrains.com/lp/devecosystem/,https://blog.jetbrains.com/,High,Free,"Large, detailed developer survey.",2026-07-20
Epoch AI,AI & Technology Research,AI research and datasets,"Research institute tracking compute, models, benchmarks and AI trends.",AI compute; models; capabilities; forecasts,Data and research,Datasets / articles,https://epoch.ai/,https://epoch.ai/data,https://epoch.ai/blog,High,Free,Useful quantitative AI trend datasets.,2026-07-20
Artificial Analysis,AI & Technology Research,Model benchmarking,"Independent comparisons of model quality, speed and pricing across AI providers.",LLMs; image models; API cost; latency,Model leaderboards,Live benchmark database,https://artificialanalysis.ai/,https://artificialanalysis.ai/leaderboards/models,https://artificialanalysis.ai/articles,High,Free,Useful current vendor comparison; benchmark limitations apply.,2026-07-20
OpenRouter Rankings,AI & Technology Research,LLM usage marketplace data,"Model marketplace exposing usage rankings, prices and provider availability.",LLM demand; pricing; models,Model rankings,Live database,https://openrouter.ai/,https://openrouter.ai/rankings,https://openrouter.ai/blog,Medium,Freemium,Good real-usage signal within the OpenRouter ecosystem.,2026-07-20
a16z Top 100 Gen AI Apps,AI & Technology Research,Consumer AI market ranking,Recurring ranking of consumer generative-AI web and mobile products using third-party traffic data.,Consumer AI; competitors; adoption,Top 100 Gen AI Consumer Apps,Recurring report,https://a16z.com/,https://a16z.com/100-gen-ai-apps/,https://a16z.com/articles/,High,Free,Influential consumer-AI market snapshot.,2026-07-20
Think with Google,Media & Consumer Behavior,Google marketing research,"Consumer insights, search behavior, case studies and marketing research from Google.",Search; consumer journeys; marketing; video,Consumer Insights,Articles / tools / reports,https://www.thinkwithgoogle.com/,https://www.thinkwithgoogle.com/consumer-insights/,https://www.thinkwithgoogle.com/,High,Free,Primary Google data mixed with marketing case studies.,2026-07-20
TikTok What's Next,Media & Consumer Behavior,Platform trend forecast,"Annual TikTok trend forecast based on platform behavior, culture and marketer research.",Culture; creators; consumer trends; TikTok,What's Next Trend Report,Annual report,https://www.tiktok.com/business/,https://www.tiktok.com/business/en/whats-next,https://www.tiktok.com/business/en/blog,High,Free,Platform-specific but valuable for cultural signals.,2026-07-20
Pinterest Predicts,Media & Consumer Behavior,Platform trend forecast,"Annual forecast of emerging visual, lifestyle and shopping trends based on search behavior.",Lifestyle; beauty; home; fashion; food,Pinterest Predicts,Annual report,https://business.pinterest.com/,https://business.pinterest.com/pinterest-predicts/,https://business.pinterest.com/blog/,High,Free,Strong leading signal in visual consumer categories.,2026-07-20
YouTube Culture & Trends,Media & Consumer Behavior,Video culture research,"Official YouTube research on creators, fandom and video-consumption behavior.",Video; creators; culture; Gen Z,Culture & Trends reports,Reports / articles,https://www.youtube.com/trends/,https://www.youtube.com/trends/,https://blog.youtube/culture-and-trends/,High,Free,Primary platform research.,2026-07-20
Spotify Advertising Culture Next,Media & Consumer Behavior,Audio and youth culture research,"Spotify research on audio, culture and audience behavior.",Audio; music; podcasts; Gen Z,Culture Next,Annual report,https://ads.spotify.com/,https://ads.spotify.com/en-US/culture-next/,https://ads.spotify.com/en-US/news-and-insights/,Medium,Free,Platform-specific audience research.,2026-07-20
Reuters Institute Digital News Report,Media & Consumer Behavior,News consumption research,"Annual cross-country survey of news consumption, platforms, trust and payment behavior.",Media; news; trust; subscriptions,Digital News Report,Annual report,https://reutersinstitute.politics.ox.ac.uk/,https://reutersinstitute.politics.ox.ac.uk/digital-news-report,https://reutersinstitute.politics.ox.ac.uk/news,High,Free,Authoritative media-consumption research.,2026-07-20
Google Dataset Search,Research & Open Data,Dataset discovery,Search engine for datasets published across the web.,Datasets; market research; public data,Dataset Search,Search engine,https://datasetsearch.research.google.com/,https://datasetsearch.research.google.com/,https://research.google/blog/,High,Free,Discovery layer; assess each original dataset.,2026-07-20
Our World in Data,Research & Open Data,Curated global data,"Open charts and datasets on population, health, energy, economics and technology.",Macro trends; demographics; energy; society,Topic datasets,Articles / charts / data,https://ourworldindata.org/,https://ourworldindata.org/,https://ourworldindata.org/,High,Free,Transparent sourcing and downloadable data.,2026-07-20
Kaggle Datasets,Research & Open Data,Community dataset repository,Large repository of public and community-uploaded datasets and notebooks.,Datasets; prototyping; niche research,Datasets,Repository,https://www.kaggle.com/,https://www.kaggle.com/datasets,https://www.kaggle.com/discussions,Medium,Free,Quality varies; verify provenance and licensing.,2026-07-20
Pew Research Center,Research & Open Data,Nonpartisan survey research,"Public opinion and demographic research on society, internet, media and technology.",Public opinion; demographics; technology,Research reports,Reports / datasets,https://www.pewresearch.org/,https://www.pewresearch.org/publications/,https://www.pewresearch.org/,High,Free,Strong survey methodology and transparency.,2026-07-20
Eurostat,Research & Open Data,Official EU statistics,"Official European Union datasets on economy, population, business and society.",EU markets; demographics; economy; business,Eurostat database,Open data / publications,https://ec.europa.eu/eurostat,https://ec.europa.eu/eurostat/data/database,https://ec.europa.eu/eurostat/web/products-eurostat-news,High,Free,Primary official EU statistical source.,2026-07-20
UN Data,Research & Open Data,United Nations statistics,"International datasets across population, trade, development, health and environment.",Countries; demographics; trade; development,UNData,Open data,https://data.un.org/,https://data.un.org/,https://unstats.un.org/unsd/,High,Free,Primary international data; datasets vary by agency.,2026-07-20
